qseqid,sseqid,pident,length,mismatch,gapopen,qstart,qend,sstart,send,evalue,bitscore
k121_3215_1,JF429339.1.1501,100.0,141,0,0,1,141,1291,1431,1.6199999999999998e-68,261.0
k121_7221_1,LBOM01000001.40597.42176,95.971,273,10,1,205,476,1449,1177,2.1e-122,442.0
k121_11115_1,LGJY01000007.95396.97084,90.244,82,8,0,1,82,147,228,1.59e-22,108.0
k121_12084_1,AUNV01000047.2719.4059,92.5,40,3,0,263,302,3,42,6.05e-07,58.4
k121_12084_2,AGZL01000037.1454.2938,92.381,210,15,1,11,219,305,96,2.1499999999999996e-79,298.0
k121_13753_1,DQ009115.1.2314,86.95700000000001,115,15,0,156,270,2313,2199,1.8000000000000002e-28,130.0
k121_16690_1,CFFF01000203.442.2194,90.84,262,24,0,1,262,262,1,2.0199999999999996e-95,351.0
k121_23256_1,FJ482182.1.1476,100.0,114,0,0,1,114,874,987,1.26e-53,211.0
k121_23806_1,JNVK01000002.737885.739618,88.39299999999999,112,11,2,1,111,205,95,2.7199999999999997e-30,134.0
k121_24756_1,AF479766.1.2092,98.70100000000001,77,1,0,16,92,1679,1755,1.9499999999999999e-31,137.0
k121_26436_2,FPLS01032295.125.1620,100.0,90,0,0,1,90,270,359,2.05e-40,167.0
k121_28579_1,LICH01000264.386.1855,96.64200000000001,268,9,0,1,268,268,1,9.529999999999998e-124,446.0
k121_31223_1,AF479766.1.2092,97.46799999999999,79,2,0,21,99,1677,1755,1.62e-30,135.0
k121_31578_1,AM990992.2181279.2182758,94.118,51,1,2,77,126,182,133,5.460000000000001e-13,76.8
k121_32169_1,HE820739.1.1580,98.765,162,2,0,1,162,1405,1566,8.759999999999998e-77,289.0
k121_32169_2,KP175030.1.2281,90.265,113,11,0,27,139,2122,2010,2.2599999999999996e-34,148.0
k121_33149_1,CAQA01000070.1409.4877,88.571,140,15,1,30,168,2775,2914,1.24e-40,169.0
k121_33157_1,FPLL01002997.16.1509,100.0,87,0,0,1,87,545,459,9.09e-39,161.0
k121_33157_2,FPLL01002997.16.1509,100.0,75,0,0,1,75,677,751,3.4399999999999997e-32,139.0
k121_33158_1,FPLL01002997.16.1509,100.0,75,0,0,1,75,677,751,3.4399999999999997e-32,139.0
k121_33158_2,KY609359.1.1483,100.0,96,0,0,1,96,550,455,1.03e-43,178.0
k121_33698_1,AGZL01000037.1454.2938,95.074,203,10,0,146,348,298,96,7.459999999999998e-86,320.0
k121_33700_1,AGZL01000037.1454.2938,94.413,179,10,0,17,195,298,120,8.419999999999999e-73,276.0
k121_33988_1,AB666454.1.1503,98.387,186,3,0,1,186,1465,1280,2.1799999999999997e-88,327.0
k121_34251_1,LGJY01000007.95396.97084,97.07600000000001,171,5,0,4,174,1,171,9.529999999999999e-77,289.0
k121_35547_1,CP017774.3289012.3290529,97.75299999999999,89,2,0,1,89,89,1,6.62e-36,154.0
k121_35827_1,AF479766.1.2092,98.507,67,1,0,1,67,1745,1679,6.090000000000001e-26,119.0
k121_37072_1,MAMN01000047.149461.150911,90.625,320,30,0,79,398,1132,1451,2.4999999999999996e-117,425.0
k121_42473_1,JX898171.1.1525,100.0,153,0,0,1,153,807,959,3.8099999999999995e-75,283.0
k121_46845_1,KC255331.1.1475,97.727,132,3,0,1,132,66,197,1.51e-58,228.0
k121_52618_1,MKYQ01001368.344004.345411,90.64299999999999,171,16,0,1,171,108,278,2.07e-58,228.0
k121_54954_1,HQ860583.1.1449,100.0,87,0,0,1,87,1409,1323,9.09e-39,161.0
k121_55006_1,EU912438.113685.115171,98.01,201,4,0,1,201,1472,1272,5.0699999999999986e-95,350.0
k121_55445_1,DQ059583.1.1784,98.182,330,6,0,1,330,147,476,3.719999999999999e-163,577.0
k121_56422_1,DQ009115.1.2314,88.0,100,12,0,250,349,2312,2213,2.92e-25,119.0
k121_59290_1,JF116720.1.1343,93.49600000000001,123,8,0,1,123,531,653,3.0299999999999997e-45,183.0
k121_59483_1,CP007207.1057822.1059341,100.0,63,0,0,1,63,63,1,8.97e-25,117.0
k121_62577_1,AGZL01000037.1454.2938,90.789,76,5,2,1,75,170,244,1.6200000000000002e-20,100.0
k121_63227_1,AGZL01000037.1454.2938,89.47399999999999,57,6,0,46,102,564,508,5.370000000000001e-12,73.1
k121_66383_1,AXCG01057693.9657.11040,97.70100000000001,87,2,0,1,87,42,128,1.9699999999999998e-35,150.0
k121_66741_1,DQ009100.1.2095,92.0,50,4,0,250,299,1820,1771,6.93e-11,71.3
k121_69058_2,CP001047.191404.193931,88.11200000000001,143,17,0,1,143,2304,2162,1.18e-40,171.0
k121_73177_1,FJ666138.1.2302,75.789,285,44,14,1,272,2266,1994,8.42e-26,121.0
k121_74689_1,DQ906780.1.1440,98.361,61,1,0,1,61,345,405,7.359999999999999e-23,108.0
k121_75271_2,CP015760.2328841.2330253,90.84,131,12,0,11,141,5,135,6.0199999999999995e-43,176.0
k121_76332_1,CP015760.2328841.2330253,90.27799999999999,144,14,0,1,144,41,184,7.929999999999999e-47,189.0
k121_76332_2,CVKP01000051.3319.4841,86.131,137,10,5,1,128,139,3,8.929999999999999e-32,139.0
k121_77848_1,CP017311.4286629.4288165,100.0,62,0,0,482,543,1,62,5.9500000000000004e-24,115.0
k121_84989_1,LC369497.1.3923,91.124,169,15,0,345,513,3283,3451,1.9199999999999998e-58,230.0
k121_87516_1,EU478635.1.2270,87.5,80,8,2,146,224,1816,1738,4.21e-17,91.6
k121_88927_1,LT558703.1.3546,89.34899999999999,169,14,2,10,177,3362,3527,7.789999999999999e-53,209.0
k121_90381_1,LAMX01000036.24729.26265,100.0,100,0,0,1,100,100,1,8.17e-46,185.0
k121_90603_1,LGJZ01000005.215956.217622,86.792,106,14,0,159,264,295,190,2.12e-25,119.0
k121_94727_1,CP007207.1057822.1059341,100.0,71,0,0,89,159,1,71,1.53e-29,132.0
k121_97385_2,CP015760.2328841.2330253,91.45299999999999,117,10,0,11,127,5,121,1.51e-38,161.0
k121_98148_1,KC492846.1.1421,82.353,102,18,0,1,102,1137,1238,5.539999999999999e-17,89.8
k121_100220_1,FJ876273.1.2633,81.609,261,46,2,5,264,2630,2371,2.6299999999999996e-54,215.0
k121_100223_1,FJ876273.1.2633,80.76899999999999,260,50,0,29,288,2630,2371,6.259999999999999e-51,204.0
k121_101043_1,JN398028.1.1398,98.425,127,2,0,1,127,1048,1174,1.9000000000000002e-57,224.0
k121_101043_2,JQ085821.14409.15878,96.154,104,4,0,128,231,1470,1367,4.96e-41,171.0
k121_102186_1,LPXJ01001048.745117.746529,98.667,75,1,0,271,345,1224,1298,1.02e-29,134.0
k121_105793_1,CFFF01000203.442.2194,85.065,308,38,8,1,304,304,1,5.549999999999998e-82,307.0
k121_106076_1,LBOM01000001.40597.42176,95.06200000000001,81,4,0,1,81,210,290,8.329999999999999e-29,128.0
k121_109151_1,CP002018.2609534.2611001,100.0,72,0,0,1,72,72,1,2.08e-30,134.0
k121_110772_1,L29265.1.2100,96.20299999999999,79,3,0,116,194,1733,1655,1.0300000000000001e-28,130.0
k121_110895_1,GAPN01002919.1.1263,95.935,123,5,0,1,123,1231,1109,4.7799999999999995e-50,200.0
k121_113278_1,JN534973.1.1431,100.0,99,0,0,1,99,1128,1030,2.28e-45,183.0
k121_116024_4,KY355586.1.1223,100.0,31,0,0,2687,2717,132,162,5.69e-06,58.4
k121_117924_1,CFFF01000203.442.2194,90.45200000000001,199,19,0,15,213,248,50,7.259999999999999e-69,263.0
k121_123077_1,FPLS01019232.15.1527,97.368,76,2,0,1,76,1051,976,1.26e-28,130.0
k121_123819_1,CP015760.2328841.2330253,91.89200000000001,111,9,0,1,111,43,153,5.79e-37,156.0
k121_124839_1,KY764928.1.3980,100.0,36,0,0,73,108,2195,2230,2.79e-10,67.6
k121_125419_1,FJ612320.1.1411,100.0,81,0,0,1,81,286,206,1.78e-35,150.0
k121_125477_1,LGJY01000007.95396.97084,91.979,187,15,0,24,210,221,35,7.14e-69,263.0
k121_127192_1,AY948066.1.1392,97.391,115,3,0,18,132,558,672,4.26e-49,196.0
k121_131084_1,FPLP01009262.1.1404,95.305,213,10,0,1,213,683,471,1.1699999999999999e-91,339.0
k121_131640_1,ATDP01000095.26818.28309,100.0,78,0,0,1,78,1366,1289,7.829999999999998e-34,145.0
k121_133078_1,AGZL01000037.1454.2938,88.37200000000001,129,14,1,1,128,436,564,3.7799999999999996e-36,154.0
k121_135454_1,EU135164.1.1601,93.617,47,3,0,81,127,896,942,4.49e-11,71.3
k121_136453_1,FPLS01051972.12.1473,100.0,75,0,0,1,75,531,605,3.4399999999999997e-32,139.0
k121_136823_1,KF851136.1.1498,99.005,201,2,0,1,201,435,235,2.3399999999999994e-98,361.0
k121_142663_1,KU726306.1.1465,99.48700000000001,195,1,0,1,195,1252,1446,1.0499999999999998e-96,355.0
k121_144709_1,MF034602.1.3207,90.079,252,18,6,3,253,3069,2824,5.2699999999999996e-86,320.0
k121_144709_2,HQ850570.1.1755,97.77799999999999,90,2,0,1,90,1649,1738,4.429999999999999e-37,156.0
k121_145298_1,MHUO01000007.12318.13764,88.281,128,3,6,5,132,133,18,5.629999999999999e-33,143.0
k121_145449_1,FPLS01056723.9.1292,97.561,41,1,0,539,579,52,12,1.43e-10,71.3
k121_147038_1,CFFF01000203.442.2194,82.47399999999999,291,47,4,1,289,289,1,2.5099999999999998e-65,252.0
k121_149292_1,LC028628.1.1522,99.34200000000001,152,1,0,116,267,1522,1371,1.1999999999999998e-72,276.0
k121_151027_1,FPLS01039156.16.1509,100.0,81,0,0,1,81,1118,1038,1.78e-35,150.0
k121_151136_1,DQ009157.1.1992,94.73700000000001,38,2,0,50,87,1610,1647,3.41e-08,60.2
k121_151240_1,CAQA01000070.1409.4877,89.06200000000001,64,6,1,51,114,2335,2273,1.34e-13,78.7
k121_151798_1,AB698720.1.1455,100.0,375,0,0,1,375,1079,1453,0.0,693.0
k121_155137_1,L29265.1.2100,97.40299999999999,77,2,0,248,324,1733,1657,3.41e-29,132.0
k121_155955_1,DQ520100.1.3368,97.037,135,2,2,95,228,3061,3194,1.0300000000000001e-57,226.0
k121_157413_1,CFFF01000203.442.2194,93.617,141,9,0,5,145,168,28,1.7399999999999997e-53,211.0
k121_157972_1,JF429288.1.1498,100.0,141,0,0,1,141,366,226,1.6199999999999998e-68,261.0
k121_158216_2,KY764919.1.3704,89.706,136,14,0,2,137,2367,2232,3.78e-42,174.0
k121_161422_6,AATU01005946.6771.8562,100.0,213,0,0,1,213,266,478,2.47e-108,394.0
k121_161879_1,FPLS01021527.5.1367,100.0,30,0,0,349,378,1308,1337,2.49e-06,56.5
k121_162146_1,HQ856439.1.1447,100.0,192,0,0,1,192,366,175,1.0399999999999998e-96,355.0
k121_163161_1,EU469018.1.1358,100.0,68,0,0,2,69,988,921,2.3500000000000003e-28,126.0
k121_164180_4,JX125446.1.1727,93.333,60,3,1,216,274,1553,1612,7.71e-16,87.9
k121_164445_1,AGZL01000037.1454.2938,87.417,151,17,2,6,155,261,112,1.14e-41,172.0
k121_169290_1,GDAH01000884.102.1825,97.238,181,4,1,1,180,1676,1496,9.849999999999999e-82,305.0
k121_170788_1,DQ112352.1.1369,100.0,117,0,0,1,117,797,913,2.8099999999999997e-55,217.0
k121_170911_1,KY764922.1.3954,84.29799999999999,121,18,1,49,169,2163,2044,8.58e-25,117.0
k121_171385_2,FMSO01000003.14994.16440,93.617,47,1,2,2,47,1315,1360,5.3899999999999996e-11,69.4
k121_174221_1,FPLS01021527.5.1367,100.0,36,0,0,4,39,1342,1307,1.0499999999999999e-09,67.6
k121_176412_1,CFFF01000203.442.2194,92.81,153,11,0,1,153,28,180,8.42e-57,222.0
k121_177410_1,CP009429.58054.59565,96.20299999999999,79,2,1,70,147,1512,1434,1.8000000000000002e-28,128.0
k121_177593_1,LASQ02014678.1830.3587,100.0,153,0,0,1,153,1085,1237,3.8099999999999995e-75,283.0
k121_177824_1,CFFF01000203.442.2194,85.93799999999999,192,27,0,1,192,262,71,1.1099999999999998e-51,206.0
k121_179961_1,DQ009130.1.2186,97.46799999999999,79,2,0,52,130,1872,1794,3.7199999999999995e-30,135.0
k121_179961_1,DQ009130.1.2186,90.789,76,7,0,359,434,1657,1582,3.77e-20,102.0
k121_180866_1,LS992097.389246737.389248023,98.936,94,1,0,1,94,444,537,8.759999999999999e-41,169.0
k121_181780_1,FPLK01002326.16.1459,100.0,248,0,0,1,248,248,1,1.3799999999999997e-127,459.0
k121_182112_1,CP033019.5591702.5593241,100.0,87,0,0,1,87,49,135,9.09e-39,161.0
k121_182415_1,AYOE01005644.72303.73638,93.87799999999999,98,6,0,1,98,1239,1336,3.0399999999999997e-34,148.0
k121_183045_1,FLKF01000009.860252.861897,90.12299999999999,81,8,0,21,101,1242,1162,5.92e-22,106.0
k121_186089_1,CP032101.265767.267269,100.0,90,0,0,1,90,273,362,2.05e-40,167.0
k121_186212_1,LGJZ01000005.215956.217622,85.09299999999999,161,17,7,2,156,160,1,2.86e-37,158.0
k121_195168_1,KY764919.1.3704,86.56700000000001,134,18,0,1,134,2365,2232,1.65e-34,148.0
k121_195711_1,JN869153.1.1525,100.0,198,0,0,103,300,1525,1328,7.889999999999998e-100,366.0
k121_197610_1,FPLS01021527.5.1367,100.0,31,0,0,306,336,1308,1338,6.110000000000001e-07,58.4
k121_197613_1,FPLS01056723.9.1292,100.0,31,0,0,1,31,22,52,6.82e-07,58.4
k121_197618_1,FPLS01021527.5.1367,100.0,32,0,0,1,32,1338,1307,2.2699999999999998e-07,60.2
k121_197619_1,FPLS01021527.5.1367,100.0,32,0,0,716,747,1307,1338,3.95e-07,60.2
k121_198845_1,CFFF01000203.442.2194,86.36399999999999,220,30,0,1,220,304,85,3.6699999999999992e-62,241.0
k121_200157_1,GQ389093.1.1455,100.0,84,0,0,1,84,657,740,4.02e-37,156.0
k121_207117_1,EU196013.1.1709,100.0,138,0,0,1,138,784,647,7.319999999999999e-67,255.0
k121_208929_1,FJ609188.1.2194,100.0,36,0,0,40,75,1977,1942,1.64e-10,67.6
k121_209365_1,KJ783212.1.1451,89.189,111,8,1,1,111,16,122,7.549999999999999e-31,135.0
k121_210922_1,D12656.1.1258,100.0,123,0,0,1,123,1020,1142,1.3799999999999998e-58,228.0
k121_212594_1,FPLL01007078.20.1534,100.0,69,0,0,1,69,1418,1486,6.54e-29,128.0
k121_214298_1,AGZL01000037.1454.2938,97.101,69,2,0,1,69,108,176,1.4199999999999999e-25,117.0
k121_214958_1,EF580929.1.1486,99.359,312,2,0,1,312,467,156,7.569999999999997e-160,566.0
k121_216077_1,LAMX01000036.24729.26265,100.0,123,0,0,1,123,122,244,1.3799999999999998e-58,228.0
k121_216159_1,JX911252.1.2655,90.27799999999999,144,14,0,4,147,2567,2424,8.129999999999999e-47,189.0
k121_217206_1,JF429302.1.1460,100.0,84,0,0,1,84,1277,1194,4.02e-37,156.0
k121_218273_1,KF836175.1.1517,100.0,99,0,0,1,99,1409,1507,2.28e-45,183.0
k121_219121_1,DQ664243.1.1426,100.0,69,0,0,1,69,25,93,6.54e-29,128.0
k121_220178_1,AZSO01000079.3872.5417,100.0,120,0,0,55,174,1545,1426,9.809999999999999e-57,222.0
k121_220183_1,FPLS01051821.1.1270,100.0,75,0,0,1,75,1169,1243,3.4399999999999997e-32,139.0
k121_221746_1,FPLP01012906.7.1475,100.0,75,0,0,1,75,578,504,3.4399999999999997e-32,139.0
k121_223092_1,FPLM01008179.17.1542,97.436,234,6,0,1,234,477,244,5.9e-110,399.0
k121_224141_1,FJ876273.1.2633,93.22,59,4,0,1,59,2604,2546,1.26e-16,87.9
k121_224141_2,CP019143.1170675.1172077,98.039,102,2,0,1,102,1393,1292,1.1099999999999999e-43,178.0
k121_225440_1,JX131296.1.1735,90.67200000000001,268,17,3,8,267,78,345,6.99e-95,350.0
k121_228304_1,AGZL01000037.1454.2938,83.756,197,27,5,47,240,298,104,2.83e-44,182.0
k121_229444_1,CAQA01000070.1409.4877,93.443,61,2,2,1,60,2243,2302,3.93e-17,89.8
k121_229774_1,DQ009367.1.2185,93.103,87,4,2,2,87,2093,2178,6.7899999999999995e-28,126.0
k121_231879_1,JWJG01000028.2738586.2740164,100.0,111,0,0,19,129,1,111,6.870000000000001e-52,206.0
k121_232265_1,CP007142.6054816.6056357,98.63,219,3,0,1,219,443,225,1.2199999999999999e-106,388.0
k121_233281_1,CP033604.33518.35068,100.0,288,0,0,1,288,1158,1445,7.029999999999997e-150,532.0
k121_235590_1,CFFF01000203.442.2194,94.04299999999999,235,12,2,7,240,256,23,1.3299999999999998e-96,355.0
k121_235805_1,AGZL01000037.1454.2938,85.405,185,21,6,1,182,287,106,4.57e-46,187.0
k121_236856_1,LFBD01000011.1773994.1775742,90.11,91,7,2,1,90,390,301,2.09e-25,117.0
k121_238398_1,DQ376574.1.1538,100.0,203,0,0,17,219,1537,1335,9.219999999999998e-103,375.0
k121_242526_1,GARB01003133.115.1632,100.0,318,0,0,1,318,811,494,1.6499999999999998e-166,588.0
k121_244634_1,LN572060.1.1302,94.359,195,11,0,1,195,408,214,4.999999999999999e-80,300.0
k121_251720_1,CFFF01000203.442.2194,93.919,148,9,0,1,148,148,1,3.92e-57,224.0
k121_251723_1,LGJY01000007.95396.97084,98.462,130,2,0,1,130,130,1,7.24e-59,230.0
k121_255196_1,LXJD02000001.374694.376181,87.14299999999999,70,6,2,165,232,15,83,1.16e-12,76.8
k121_255815_1,FMGS01000005.587.2069,100.0,96,0,0,1,96,274,369,1.03e-43,178.0
k121_255823_1,KM438199.1.1717,95.652,46,2,0,1,46,1580,1535,1.16e-12,75.0
k121_256011_1,GQ389200.1.1481,100.0,123,0,0,1,123,549,427,1.3799999999999998e-58,228.0
k121_264714_1,FPLS01021527.5.1367,100.0,36,0,0,332,367,1307,1342,1.1199999999999999e-09,67.6
k121_264948_1,AB255104.1.1484,97.321,112,3,0,1,112,702,813,1.6399999999999998e-47,191.0
k121_267186_1,LGJY01000007.95396.97084,91.525,59,5,0,11,69,215,273,5.17e-15,82.4
k121_269324_1,FPLS01021527.5.1367,97.436,39,0,1,224,262,1305,1342,2.8000000000000003e-09,65.8
k121_270215_1,MFUC01000009.27055.28670,95.652,69,3,0,1,69,1411,1479,6.59e-24,111.0
k121_271712_1,FPLK01002466.1.1357,100.0,69,0,0,1,69,1260,1328,6.54e-29,128.0
k121_273040_1,KF417661.1.1698,100.0,204,0,0,1,204,740,943,2.3599999999999996e-103,377.0
k121_273042_1,DQ310276.1.1780,100.0,255,0,0,1,255,676,422,1.3599999999999994e-131,472.0
k121_279826_1,JWJG01000028.2738586.2740164,100.0,135,0,0,1,135,1300,1434,3.3099999999999995e-65,250.0
k121_279833_1,JN868771.1.1525,100.0,135,0,0,1,135,1292,1426,3.3099999999999995e-65,250.0
k121_281806_1,CP007207.1057822.1059341,100.0,67,0,0,1,67,67,1,1.1399999999999999e-27,124.0
k121_283094_1,FJ716000.1.1471,100.0,60,0,0,1,60,22,81,5.24e-24,111.0
k121_284520_1,JQGR01002535.1.1236,100.0,66,0,0,1,66,712,777,2.8399999999999996e-27,122.0
k121_286462_1,AYTG01000691.4297.6094,99.31,145,1,0,84,228,1,145,7.839999999999999e-69,263.0
k121_286557_1,CAQA01000070.1409.4877,83.333,162,20,7,126,284,2345,2188,1.4299999999999997e-32,143.0
k121_290744_1,CP001047.191404.193931,81.437,167,24,7,1,164,2372,2210,1.65e-28,130.0
k121_291147_1,KC431953.1.1353,91.48899999999999,141,11,1,1,141,1202,1341,5.98e-48,193.0
k121_291651_1,CVKP01000051.3319.4841,89.744,156,7,5,23,169,162,7,5.429999999999999e-47,191.0
k121_294327_1,JMUI01000001.166835.168654,92.30799999999999,78,6,0,1,78,134,57,1.68e-23,111.0
k121_295144_2,FJ660985.1.1926,87.69200000000001,65,8,0,47,111,1820,1756,4.639999999999999e-13,76.8
k121_297691_1,AY259924.1.2048,92.17399999999999,230,11,6,1,227,1822,2047,1.8199999999999995e-85,318.0
k121_297978_1,LGJY01000007.95396.97084,81.517,211,35,4,1,210,36,243,4.74e-41,171.0
k121_299073_1,JN713562.1.1538,100.0,69,0,0,1,69,1347,1415,6.54e-29,128.0
k121_300794_1,DQ009128.1.2082,84.81,79,11,1,1,78,1857,1779,3e-13,78.7
k121_300795_1,DQ009128.1.2082,94.595,37,1,1,19,54,1815,1779,1.24e-06,56.5
k121_301303_1,FPLS01042143.15.1521,97.917,144,3,0,1,144,449,592,3.589999999999999e-65,250.0
k121_301430_1,CP015202.3636489.3637978,84.615,130,19,1,10,138,164,35,1.66e-28,128.0
k121_302744_1,KF735063.293127.294383,90.395,354,32,2,54,406,905,1257,5.579999999999998e-129,464.0
k121_306562_1,FJ876273.1.2633,78.282,419,72,18,72,473,2633,2217,3.7899999999999995e-65,252.0
k121_308546_1,CFFF01000203.442.2194,85.93799999999999,256,30,6,64,316,337,85,2.4699999999999996e-70,268.0
k121_310037_1,FJ612133.1.1475,100.0,225,0,0,1,225,548,324,5.599999999999999e-115,416.0
k121_310700_1,FPLL01005588.16.1483,98.485,198,3,0,1,198,1243,1440,4.979999999999999e-95,350.0
k121_312813_1,JQ924058.1.3007,88.525,122,11,3,23,142,2898,2778,3.32e-33,145.0
k121_313349_1,FPLL01003617.12.1455,93.617,94,3,3,1,93,1426,1335,1.68e-31,137.0
k121_313510_1,CAIK01000429.13376.14852,97.531,81,2,0,1,81,324,404,4.0499999999999994e-32,139.0
k121_315050_1,LMHS01000001.899104.900634,100.0,140,0,0,47,186,1531,1392,8.079999999999999e-68,259.0
k121_318868_1,CP013002.927638.929127,100.0,164,0,0,1,164,164,1,4.829999999999999e-81,303.0
k121_320333_1,AF372801.1.1228,100.0,60,0,0,1,60,851,910,5.24e-24,111.0
k121_320333_2,EF024723.1.1773,98.936,94,1,0,42,135,626,533,9.54e-41,169.0
k121_322968_1,FM244741.1.2025,88.333,60,7,0,22,81,1,60,1.3599999999999999e-11,73.1
k121_324169_1,DQ293994.1.1484,100.0,66,0,0,1,66,334,399,2.8399999999999996e-27,122.0
k121_324184_2,GQ487928.1.1429,99.167,120,1,0,1,120,1307,1426,2.8999999999999993e-55,217.0
k121_326652_1,LGJZ01000005.215956.217622,90.411,73,7,0,383,455,295,223,1.79e-18,97.1
k121_327381_1,MFKH01000003.23877.25375,100.0,46,0,0,102,147,4,49,1.1e-15,86.1
k121_327381_2,FPLS01015706.10.1448,91.943,211,14,3,10,219,273,65,9.559999999999998e-78,292.0
k121_330704_1,CFFF01000203.442.2194,82.895,304,52,0,1,304,304,1,7.759999999999998e-72,274.0
k121_331759_1,GAPN01002919.1.1263,97.22200000000001,108,3,0,1,108,1216,1109,6.84e-45,183.0
k121_331798_1,ARVX01000001.689422.690939,100.0,93,0,0,1,93,12,104,4.6099999999999996e-42,172.0
k121_332492_1,MH828185.1.1325,98.81,84,1,0,1,84,666,749,1.87e-35,150.0
k121_338905_1,FAVI01000008.1703276.1704567,92.405,79,6,0,164,242,1120,1198,9.61e-24,113.0
k121_339505_1,HQ828030.1.1437,97.802,182,4,0,1,182,425,606,1.7599999999999998e-84,315.0
k121_341438_1,GDAH01000989.5445.6744,98.86399999999999,88,1,0,1,88,108,21,1.35e-37,158.0
k121_342151_1,JN644756.1.2250,77.612,268,35,16,5,252,2011,1749,1.73e-31,139.0
k121_343678_1,CP019143.1170675.1172077,97.5,160,4,0,288,447,1403,1244,1.0199999999999996e-71,274.0
k121_348587_1,AY168752.1.1448,95.76299999999999,118,4,1,1,117,572,689,1.31e-48,195.0
k121_349400_1,FJ876273.1.2633,83.495,309,42,7,27,330,2633,2329,1.2299999999999999e-73,279.0
k121_350608_1,AM990992.2181279.2182758,84.0,75,10,2,155,228,181,108,5.33e-11,71.3
k121_351134_1,JQ974027.1.1737,97.6,250,5,1,1,249,1737,1488,2.9e-118,427.0
k121_352394_1,CXWK01044866.7301.9108,98.473,262,4,0,102,363,1,262,1.1999999999999997e-128,462.0
k121_353402_1,CP015760.2328841.2330253,86.875,160,15,6,21,177,197,41,2.8399999999999998e-42,174.0
k121_354846_1,AGZL01000037.1454.2938,93.478,46,2,1,16,60,104,149,1.15e-10,67.6
k121_357405_1,CFFF01000203.442.2194,90.76899999999999,130,12,0,1,130,130,1,3.719999999999999e-42,174.0
k121_358063_1,FJ716000.1.1471,100.0,81,0,0,1,81,22,102,1.78e-35,150.0
k121_358847_1,FPLL01006794.8.1789,100.0,63,0,0,1,63,52,114,1.22e-25,117.0
k121_361266_2,FJ876273.1.2633,88.37200000000001,86,8,2,79,163,2546,2630,1.33e-20,102.0
k121_362171_1,DQ813322.1.1441,100.0,102,0,0,1,102,75,176,5.109999999999999e-47,189.0
k121_364703_1,CP015760.2328841.2330253,89.31299999999999,131,14,0,17,147,23,153,1.3699999999999998e-39,165.0
k121_365318_1,MEEN01000016.1428.2866,98.77600000000001,245,3,0,8,252,1439,1195,4.889999999999999e-121,436.0
k121_365320_1,MHKA01000028.3498.5034,100.0,87,0,0,1,87,1381,1295,9.09e-39,161.0
k121_365542_1,FM955256.1.1791,96.581,234,8,0,1,234,548,781,1.2799999999999998e-106,388.0
k121_365542_2,FPLS01022061.22.1329,99.57799999999999,237,1,0,1,237,955,1191,5.899999999999999e-120,433.0
k121_365865_1,GDAH01000989.5445.6744,99.13,115,1,0,1,115,135,21,1.8e-52,207.0
k121_365865_3,AWOL010081544.21827.23447,83.76100000000001,117,17,2,74,190,293,407,9.040000000000001e-23,110.0
k121_369681_2,JQ974027.1.1737,100.0,89,0,0,125,213,1,89,2.11e-39,165.0
k121_373581_1,DQ009128.1.2082,84.81,79,11,1,1,78,1857,1779,3.32e-13,78.7
k121_381953_1,KJ566467.1.946,97.931,145,3,0,3,147,507,651,1.0199999999999998e-65,252.0
k121_386065_1,HQ011399.1.1499,100.0,153,0,0,1,153,1134,1286,3.8099999999999995e-75,283.0
k121_387514_1,AGZL01000037.1454.2938,99.074,108,1,0,1,108,203,96,1.31e-48,195.0
k121_390549_1,LGJY01000007.95396.97084,97.656,128,3,0,1,128,78,205,2.46e-56,220.0
k121_392081_1,KY764956.1.4000,82.353,204,29,5,174,375,3395,3197,9.529999999999999e-41,171.0
k121_392125_1,LFBD01000011.1773994.1775742,94.366,71,1,3,1,69,373,442,3.2799999999999998e-22,106.0
k121_392129_1,LFBD01000011.1773994.1775742,94.366,71,1,3,1,69,373,442,3.2799999999999998e-22,106.0
k121_393077_1,KY379855.1.2514,89.524,105,11,0,3,107,1984,2088,4.06e-30,134.0
k121_393084_1,JF272006.1.1444,100.0,89,0,0,11,99,1346,1434,8.27e-40,165.0
k121_394280_1,CVKP01000051.3319.4841,84.574,188,20,5,114,292,188,1,7.18e-43,178.0
k121_395036_1,AGZL01000037.1454.2938,89.844,128,11,2,1,127,436,562,5.66e-39,163.0
k121_397040_1,FPLS01039156.16.1509,100.0,87,0,0,1,87,268,354,9.09e-39,161.0
k121_397186_1,KY249641.1.3521,93.0,100,7,0,1,100,3313,3412,4.1e-34,147.0
k121_397186_2,MWIU01000098.222589.224367,88.764,89,10,0,2,90,1166,1078,3.5e-23,110.0
k121_400042_1,AGZL01000037.1454.2938,98.551,69,1,0,1,69,108,176,3.04e-27,122.0
k121_402100_1,KT347147.1.3358,92.5,40,3,0,278,317,2850,2889,6.05e-07,58.4
k121_402100_2,AGZL01000037.1454.2938,87.586,145,17,1,1,144,251,107,1.4899999999999997e-39,167.0
k121_405864_1,LC369497.1.3923,97.29700000000001,74,2,0,2,75,3688,3761,2.67e-28,126.0
k121_406291_1,CFFF01000203.442.2194,87.685,203,21,4,1,201,262,62,5.32e-60,233.0
k121_408407_1,AWOL010081544.21827.23447,83.333,174,27,2,1,174,295,466,7.8e-38,159.0
k121_408627_1,CMON01000010.50534.53692,100.0,73,0,0,149,221,1297,1369,1.84e-30,135.0
k121_408842_1,JPYR01001306.418.2396,100.0,162,0,0,1,162,173,12,4.049999999999999e-80,300.0
k121_410822_1,FPLK01002466.1.1357,100.0,72,0,0,1,72,1257,1328,1.5e-30,134.0
k121_410867_1,FJ876273.1.2633,81.369,263,43,6,26,285,2633,2374,1.33e-52,209.0
k121_410869_1,JN935889.1.2505,76.957,230,40,12,6,224,2271,2044,1.7699999999999998e-25,119.0
k121_411675_1,JN167608.1.1489,100.0,165,0,0,1,165,57,221,8.89e-82,305.0
k121_412743_1,CP016181.1794442.1795995,100.0,59,0,0,32,90,1548,1490,3.5e-23,110.0
k121_418006_1,FJ716000.1.1471,100.0,90,0,0,1,90,22,111,2.05e-40,167.0
k121_419240_1,JX236700.1.1515,98.413,126,2,0,1,126,99,224,6.629999999999999e-57,222.0
k121_419300_1,LC222926.1.1698,100.0,111,0,0,1,111,615,725,5.6700000000000005e-52,206.0
k121_419745_1,AGZL01000037.1454.2938,100.0,67,0,0,3,69,110,176,8.46e-28,124.0
k121_419832_1,AGZL01000037.1454.2938,95.32700000000001,107,3,2,1,106,203,98,9.279999999999999e-41,169.0
k121_419841_1,FPLS01039156.16.1509,100.0,63,0,0,1,63,268,330,1.22e-25,117.0
k121_419843_1,FJ716000.1.1471,100.0,81,0,0,1,81,22,102,1.78e-35,150.0
k121_420189_1,FJ876273.1.2633,88.889,81,5,4,16,95,1758,1835,7.16e-19,97.1
k121_421488_1,KY764919.1.3704,87.5,80,9,1,3,81,3644,3565,2.48e-17,91.6
k121_421749_1,DQ837239.1.1334,100.0,66,0,0,1,66,1137,1072,2.8399999999999996e-27,122.0
k121_428076_1,FJ479574.1.1514,100.0,79,0,0,3,81,677,755,2.2999999999999997e-34,147.0
k121_437057_1,AF479766.1.2092,100.0,73,0,0,1,73,1682,1754,1.76e-30,135.0
k121_437316_1,CAQA01000070.1409.4877,82.105,95,16,1,55,149,3373,3466,5.61e-14,80.5
k121_440346_1,GQ462643.1.1790,100.0,83,0,0,404,486,1,83,1.1199999999999999e-35,154.0
k121_444668_1,CP020919.4051739.4053260,100.0,134,0,0,1,134,134,1,4.309999999999999e-64,248.0
k121_447489_1,JN054665.1.1512,97.154,246,7,0,1,246,1223,1468,6.5399999999999985e-115,416.0
k121_448988_1,KX937940.1.1445,100.0,87,0,0,1,87,835,921,9.09e-39,161.0
k121_448990_1,JF514264.1.1450,100.0,60,0,0,1,60,830,889,5.24e-24,111.0
k121_450179_1,CP032823.785256.786761,100.0,102,0,0,1,102,275,376,5.109999999999999e-47,189.0
k121_450581_1,DQ009130.1.2186,98.75,80,1,0,34,113,1792,1871,7.379999999999999e-33,143.0
k121_450685_1,CAQA01000070.1409.4877,91.954,87,7,0,1,87,2736,2650,4.29e-27,122.0
k121_451133_1,FPLS01032615.16.1530,100.0,138,0,0,1,138,1291,1428,7.319999999999999e-67,255.0
k121_454894_1,LGJY01000007.95396.97084,100.0,31,0,0,1,31,31,1,3.44e-07,58.4
k121_455857_1,LC028840.1.1517,100.0,87,0,0,1,87,1390,1476,9.09e-39,161.0
k121_459501_1,KY609359.1.1483,100.0,93,0,0,1,93,550,458,4.6099999999999996e-42,172.0
k121_462920_1,AGZL01000037.1454.2938,85.135,74,11,0,248,321,1,74,1.75e-12,76.8
k121_463111_1,FPLS01005623.18.1462,99.50200000000001,201,1,0,1,201,658,858,5.029999999999998e-100,366.0
k121_467799_2,GAPN01010559.34.1255,89.779,362,26,7,48,399,1033,673,8.029999999999997e-126,453.0
k121_468379_1,DQ009096.1.1976,100.0,53,0,0,1,53,1891,1943,5.480000000000001e-20,99.0
k121_469442_1,CAQA01000070.1409.4877,77.273,550,108,17,2,543,2810,2270,9.149999999999998e-82,307.0
k121_469808_1,CAQA01000070.1409.4877,84.667,150,22,1,1,150,2335,2187,2.33e-34,148.0
k121_470513_1,AY522873.1.1315,100.0,139,0,0,3,141,1172,1034,2.0899999999999995e-67,257.0
k121_474167_1,AGZL01000037.1454.2938,81.52199999999999,184,32,2,13,195,298,116,6.37e-35,150.0
k121_475219_1,DQ009096.1.1976,92.727,55,4,0,1,55,1884,1938,4.6e-14,80.5
k121_476362_1,JX521079.1.1470,90.0,80,5,1,2,81,1379,1455,1.82e-20,100.0
k121_476499_1,DQ009135.1.2271,95.833,120,5,0,15,134,2150,2269,3.4199999999999996e-48,195.0
k121_476940_1,FPLS01011882.15.1520,94.152,171,10,0,22,192,171,1,3.3299999999999995e-68,261.0
k121_478564_1,AGZL01000037.1454.2938,80.531,113,20,2,117,228,288,177,1.82e-15,86.1
k121_478715_1,DQ009096.1.1976,94.545,55,3,0,1,55,1884,1938,1.02e-15,86.1
k121_479650_1,FJ876273.1.2633,81.87100000000001,171,23,5,14,176,2633,2463,3.7299999999999993e-31,137.0
k121_479802_1,AYNO01000221.209.1678,100.0,75,0,0,1,75,1357,1431,3.4399999999999997e-32,139.0
k121_483197_1,MRWM01001101.2470.3986,100.0,138,0,0,1,138,1469,1332,7.319999999999999e-67,255.0
k121_484486_1,FJ478736.1.1417,100.0,70,0,0,1,70,1341,1272,1.94e-29,130.0
k121_486670_1,DQ009100.1.2095,90.323,93,9,0,1,93,2003,2095,7.74e-27,122.0
k121_488440_1,AYMW01000003.487231.488775,99.51,204,1,0,1,204,1543,1340,1.0999999999999998e-101,372.0
k121_489638_1,AF479766.1.2092,98.78,82,0,1,19,100,1679,1759,3.54e-33,145.0
k121_489682_1,AOHF01010249.255.1675,94.0,200,12,0,22,221,465,266,1.11e-80,303.0
k121_489957_1,AGZL01000037.1454.2938,78.986,138,21,7,179,312,298,165,7.179999999999999e-16,87.9
k121_490006_1,CP015202.3636489.3637978,84.615,130,19,1,1,129,164,35,1.53e-28,128.0
k121_491504_1,DQ508185.1.2439,81.281,203,33,5,41,240,2438,2238,1.1199999999999998e-37,159.0
k121_496317_1,JX105707.1.1602,87.448,239,30,0,6,244,490,252,1.1399999999999997e-72,276.0
k121_499995_1,AF479766.1.2092,84.74600000000001,177,13,5,1,176,1678,1841,2.11e-39,165.0
k121_500081_1,LKUO01004104.18909.20649,92.929,198,14,0,4,201,384,187,1.1199999999999998e-76,289.0
k121_500360_2,AF479766.1.2092,88.272,162,10,4,1,161,1601,1754,1.7699999999999998e-45,185.0
k121_501000_1,CAQA01000070.1409.4877,86.25,80,7,3,1,78,3125,3048,2.32e-15,84.2
k121_501548_1,AWOL010081544.21827.23447,92.0,75,6,0,46,120,360,434,6.55e-22,106.0
k121_501790_1,AF479766.1.2092,100.0,77,0,0,56,132,1679,1755,8.49e-33,143.0
k121_504240_1,FPLS01011850.9.1524,100.0,78,0,0,1,78,1316,1393,7.829999999999998e-34,145.0
k121_504246_1,LETC01000012.336728.338368,96.774,62,2,0,1,62,18,79,1.3300000000000001e-21,104.0
k121_506474_1,JN713562.1.1538,100.0,60,0,0,1,60,1412,1471,5.24e-24,111.0
k121_509445_1,KX465192.1.1732,100.0,60,0,0,1,60,111,170,5.24e-24,111.0
k121_510039_1,GU385649.1.1692,100.0,102,0,0,1,102,486,587,5.109999999999999e-47,189.0
k121_511434_1,JF272038.1.1446,98.235,170,3,0,32,201,1,170,1.86e-79,298.0
k121_521856_1,AF479766.1.2092,97.368,76,2,0,2,77,1679,1754,2.5599999999999997e-29,130.0
k121_531411_1,GDAH01000895.3.1558,83.704,135,21,1,3,136,1240,1374,6.4699999999999995e-28,126.0
k121_532024_1,CAQA01000070.1409.4877,94.444,36,2,0,150,185,1962,1997,1.16e-06,56.5
k121_532026_1,CAQA01000070.1409.4877,94.444,36,2,0,150,185,1962,1997,1.16e-06,56.5
k121_532288_1,DQ009096.1.1976,95.89,73,3,0,231,303,1783,1711,2.47e-25,119.0
k121_533741_1,CP003730.359864.361325,83.26,227,34,4,1,225,1238,1462,4.1099999999999996e-51,206.0
k121_534240_1,AF479766.1.2092,98.78,82,0,1,22,103,1679,1759,2.45e-33,145.0
k121_534242_1,AF479766.1.2092,93.0,100,3,4,22,121,1679,1774,1.2299999999999999e-32,143.0
k121_535784_1,EF423403.1.1789,99.705,339,1,0,1,339,1432,1770,1.7399999999999992e-176,621.0
k121_536548_1,KM823743.1.1537,100.0,90,0,0,1,90,84,173,2.05e-40,167.0
k121_541610_1,EU136695.1.1991,97.333,75,2,0,70,144,1737,1811,2.11e-28,128.0
k121_550654_2,FPLS01021527.5.1367,97.436,39,1,0,258,296,1308,1346,9.36e-10,67.6
k121_552640_1,FMYK01000019.3771.5310,100.0,108,0,0,1,108,720,827,2.5499999999999998e-50,200.0
k121_554095_1,HQ912581.1.1749,99.63,270,1,0,1,270,1401,1670,3.1599999999999995e-138,494.0
k121_554470_1,KT714201.1.1452,100.0,105,0,0,1,105,658,762,1.1399999999999998e-48,195.0
k121_555987_1,DQ009096.1.1976,91.54899999999999,71,6,0,11,81,1867,1937,6.53e-20,99.0
k121_560139_2,AWOL010081544.21827.23447,90.741,108,10,0,4,111,360,467,1.34e-33,145.0
k121_562599_1,CP019509.426712.428259,99.367,158,1,0,1,158,158,1,3.9599999999999994e-76,287.0
k121_562808_1,FPLP01012691.3.1323,100.0,99,0,0,1,99,1283,1185,2.28e-45,183.0
k121_563702_1,KY764928.1.3980,91.304,92,6,2,3,93,3882,3972,1.31e-27,124.0
k121_565899_1,MAPW01000327.5544.7277,96.552,87,3,0,1,87,1215,1129,9.16e-34,145.0
k121_569357_1,KY764928.1.3980,88.73200000000001,71,6,2,3,72,3882,3951,4.2699999999999994e-16,86.1
k121_572195_1,FPLL01007078.20.1534,100.0,69,0,0,1,69,1418,1486,6.54e-29,128.0
k121_572535_1,CP028347.1457459.1458945,96.698,212,7,0,1,212,212,1,5.2699999999999985e-96,353.0
k121_578333_2,JF731007.1.3023,80.571,175,27,7,1,171,2890,2719,3.8299999999999997e-28,128.0
k121_579159_1,HG917745.1.1400,100.0,191,0,0,3,193,1210,1400,4.119999999999999e-96,353.0
k121_580104_1,AGZL01000037.1454.2938,98.551,69,1,0,1,69,164,96,3.67e-27,122.0
k121_581093_1,JN983588.1.1460,100.0,117,0,0,1,117,439,323,2.8099999999999997e-55,217.0
k121_582662_1,CAQA01000070.1409.4877,90.385,104,7,3,14,115,2345,2243,3.6699999999999995e-30,134.0
k121_589897_1,CP015760.2328841.2330253,90.0,100,10,0,6,105,9,108,3.2599999999999997e-29,130.0
k121_590122_1,HM780465.1.1478,100.0,66,0,0,1,66,1370,1435,2.8399999999999996e-27,122.0
k121_590184_1,FPLM01005292.26.1518,93.976,249,15,0,1,249,249,1,4.529999999999999e-103,377.0
k121_592394_1,KX669629.1.2796,89.855,138,12,2,1,137,2463,2599,6.799999999999999e-43,176.0
k121_594890_1,FPLK01002263.13.1498,100.0,75,0,0,1,75,689,763,3.4399999999999997e-32,139.0
k121_596452_1,FPLK01002466.1.1357,100.0,66,0,0,1,66,1263,1328,2.8399999999999996e-27,122.0
k121_598744_1,JN656885.1.1492,96.889,225,7,0,1,225,1431,1207,2.639999999999999e-103,377.0
k121_599796_1,FPLL01007078.20.1534,100.0,69,0,0,1,69,1418,1486,6.54e-29,128.0
k121_599854_1,CFFF01000203.442.2194,95.27600000000001,127,6,0,3,129,161,35,8.89e-51,202.0
k121_602171_1,LC140841.1.1508,100.0,84,0,0,1,84,154,237,4.02e-37,156.0
k121_605762_1,FPLS01021527.5.1367,100.0,35,0,0,414,448,1308,1342,5.0900000000000004e-09,65.8
k121_607652_1,LGJY01000007.95396.97084,94.595,148,8,0,1,148,148,1,7.95e-59,230.0
k121_608806_1,FPLS01021527.5.1367,97.436,39,1,0,712,750,1308,1346,2.38e-09,67.6
k121_608935_1,AGZL01000037.1454.2938,93.53200000000001,201,13,0,269,469,298,98,1.3399999999999999e-79,300.0
k121_609029_1,KF494628.1.1454,98.667,225,2,1,4,227,1223,1447,2.0599999999999999e-109,398.0
k121_610811_2,JN432697.1.1206,96.62899999999999,89,3,0,2,90,897,809,7.42e-35,148.0
k121_611164_1,LC215108.1.1436,90.588,170,12,4,1,168,250,83,9.409999999999999e-57,222.0
k121_611220_1,HQ219416.1.2461,93.684,95,5,1,32,126,2041,2134,1.91e-32,141.0
k121_613051_1,LWDA01001123.84979.86326,88.49600000000001,113,9,4,9,120,205,314,3.58e-30,134.0
k121_613259_1,MJEQ01028811.772.2474,99.065,107,1,0,1,107,1295,1189,4.2599999999999996e-48,193.0
k121_614373_3,JQ974027.1.1737,92.59299999999999,81,4,2,1,79,81,1,3.75e-24,115.0
k121_616815_1,DQ226511.103515.105005,100.0,81,0,0,1,81,83,3,1.78e-35,150.0
k121_618704_1,LNRQ01000003.35839263.35843192,96.34100000000001,82,3,0,120,201,2366,2447,1.5399999999999998e-30,135.0
k121_620326_1,AF479766.1.2092,100.0,76,0,0,17,92,1679,1754,2.54e-32,141.0
k121_623236_1,DQ009130.1.2186,97.46799999999999,79,2,0,15,93,1794,1872,8.08e-31,135.0
k121_624298_1,AYZX01097562.161.1662,100.0,66,0,0,1,66,1408,1473,2.8399999999999996e-27,122.0
k121_625727_1,KP780264.1.3405,100.0,52,0,0,1,52,1791,1842,4.439999999999999e-19,97.1
k121_627833_1,FPLS01056723.9.1292,97.5,40,1,0,270,309,51,12,2.66e-10,69.4
k121_627835_1,DQ520094.1.3666,84.021,194,30,1,32,225,2844,2652,1.7199999999999995e-45,185.0
k121_634751_1,KX123464.1.1579,96.154,78,3,0,1,78,23,100,1.8000000000000002e-28,128.0
k121_639411_2,DQ009456.1.2138,94.118,68,2,2,113,179,1787,1721,1.3899999999999998e-20,102.0
k121_642578_1,AGZL01000037.1454.2938,98.333,60,1,0,7,66,205,146,2.86e-22,106.0
k121_645214_1,FJ437988.1.1426,100.0,84,0,0,1,84,934,1017,4.02e-37,156.0
k121_645214_2,JX219390.1.1494,92.5,40,1,2,3,40,1455,1494,1.26e-06,56.5
k121_645297_1,CXWL01036413.1508.2952,96.624,237,8,0,1,237,1060,1296,2.7799999999999995e-108,394.0
k121_646077_1,KF799754.1.1479,100.0,102,0,0,1,102,273,374,5.109999999999999e-47,189.0
k121_649081_1,AGKD04041937.24.1323,92.8,125,5,3,46,168,6,128,2.0699999999999997e-43,178.0
k121_649402_1,FPLO01000521.24.1438,100.0,29,0,0,296,324,29,1,7.59e-06,54.7
k121_653830_1,AF479766.1.2092,80.76899999999999,130,12,10,4,126,1867,1990,7.01e-17,89.8
k121_656099_1,GQ406175.1.1484,100.0,146,0,0,1,146,2,147,2.8199999999999997e-71,270.0
k121_656503_1,AGZL01000037.1454.2938,98.0,100,2,0,1,100,197,98,1.88e-42,174.0
k121_658568_1,LGJY01000007.95396.97084,92.228,193,15,0,24,216,221,29,3.4099999999999996e-72,274.0
k121_662026_1,LC028876.1.1506,100.0,171,0,0,1,171,1479,1309,4.2799999999999995e-85,316.0
k121_662026_2,EU794113.1.1433,100.0,169,0,0,3,171,425,257,5.539999999999999e-84,313.0
k121_662140_1,FPLS01026232.13.1527,100.0,90,0,0,1,90,469,558,2.05e-40,167.0
k121_663345_1,GU303341.1.1475,89.697,165,17,0,1,165,1290,1454,1.9899999999999998e-53,211.0
k121_665356_1,LC028723.1.1518,98.65799999999999,149,2,0,1,149,149,1,1.6999999999999998e-69,265.0
k121_669295_1,LEKS01000043.570.2057,96.667,150,5,0,1,150,336,485,3.7699999999999994e-65,250.0
k121_670675_1,MG652616.1.2487,82.759,145,24,1,78,221,2466,2322,6.22e-28,128.0
k121_670995_1,CP014222.3232765.3234310,98.71799999999999,78,1,0,138,215,1,78,1.3e-31,139.0
k121_677811_1,LBLM01044110.21689.23112,90.789,76,7,0,1,76,13,88,4.779999999999999e-21,102.0
k121_678115_1,AY919755.1.1748,100.0,114,0,0,1,114,1240,1353,1.26e-53,211.0
k121_680407_1,KC682912.1.1495,100.0,33,0,0,1,33,470,438,1.25e-08,62.1
k121_682985_1,FPLS01021527.5.1367,100.0,35,0,0,374,408,1307,1341,4.5e-09,65.8
k121_683973_1,KC502873.1.1499,100.0,87,0,0,1,87,728,814,9.09e-39,161.0
k121_683973_2,DQ813322.1.1441,100.0,114,0,0,1,114,1094,1207,1.26e-53,211.0
k121_683974_1,DQ813322.1.1441,100.0,114,0,0,1,114,1094,1207,1.26e-53,211.0
k121_684609_1,AY259924.1.2048,91.667,108,9,0,10,117,1808,1701,4.3100000000000004e-35,150.0
k121_685485_1,MJEQ01028811.772.2474,100.0,90,0,0,1,90,1295,1206,2.05e-40,167.0
k121_687723_1,CP008865.6711864.6713285,100.0,218,0,0,1,218,1205,1422,1.4899999999999998e-110,403.0
k121_688760_1,AUNV01000047.2719.4059,91.525,59,5,0,361,419,3,61,4.63e-14,82.4
k121_691136_1,MTTA01000006.25862988.25864652,93.333,60,4,0,45,104,1568,1627,5.75e-17,89.8
k121_691605_1,LKUO01004104.18909.20649,89.333,225,24,0,1,225,306,82,8.089999999999999e-75,283.0
k121_694224_1,FPLS01021527.5.1367,100.0,32,0,0,1,32,1339,1308,2.45e-07,60.2
k121_695358_2,CFFF01000203.442.2194,85.572,201,27,2,1,200,76,275,8.97e-53,209.0
k121_697631_1,DQ813322.1.1441,100.0,102,0,0,1,102,75,176,5.109999999999999e-47,189.0
k121_698403_1,FPLS01032295.125.1620,100.0,93,0,0,1,93,270,362,4.6099999999999996e-42,172.0
k121_702644_1,FPLO01000521.24.1438,100.0,29,0,0,1,29,1,29,9.2e-06,54.7
k121_705696_1,FJ876273.1.2633,87.58200000000001,153,14,4,32,181,2630,2480,1.4199999999999997e-41,172.0
k121_705698_1,FJ876273.1.2633,79.41199999999999,170,31,4,1,168,2591,2424,4.570000000000001e-25,117.0
k121_708859_1,KM870758.1.1730,98.837,258,3,0,1,258,726,983,2.979999999999999e-128,460.0
k121_711566_1,CP001047.191404.193931,95.91799999999999,49,2,0,3,51,2259,2307,2.75e-14,80.5
k121_714401_1,DQ673670.1.1426,96.471,85,3,0,1,85,351,435,1.1799999999999998e-32,141.0
k121_715196_1,KC896621.1.2196,90.789,76,7,0,60,135,1680,1605,1.84e-20,102.0
k121_715196_2,LAMX01000036.24729.26265,100.0,111,0,0,1,111,1466,1356,5.6700000000000005e-52,206.0
k121_715200_1,JQ427165.1.1394,100.0,150,0,0,52,201,1394,1245,2.4199999999999995e-73,278.0
k121_716567_1,MJEQ01028811.772.2474,100.0,102,0,0,1,102,1295,1194,5.109999999999999e-47,189.0
k121_717283_1,AF524023.1.1255,95.59299999999999,295,12,1,1,294,929,1223,1.5899999999999997e-131,472.0
k121_718337_1,KU055631.1.1428,100.0,84,0,0,1,84,163,246,4.02e-37,156.0
k121_723792_1,FR667410.1.1382,96.875,32,1,0,57,88,137,168,9.89e-06,54.7
k121_724371_1,AGZL01000037.1454.2938,98.844,173,2,0,89,261,298,126,1.1599999999999998e-82,309.0
k121_726567_1,CP019799.2516383.2517922,99.02,204,2,0,34,237,1540,1337,6.069999999999999e-100,366.0
k121_726628_1,LKUO01004104.18909.20649,94.764,382,18,2,22,402,384,4,4.569999999999999e-168,593.0
k121_728180_1,DQ009135.1.2271,93.59,78,5,0,98,175,1667,1590,4.95e-25,117.0
k121_729632_1,DQ009128.1.2082,86.022,93,12,1,40,131,1779,1871,1.24e-19,99.0
k121_730547_1,HM773454.1.1489,100.0,174,0,0,1,174,1218,1391,9.399999999999998e-87,322.0
k121_730816_1,DQ520101.1.3163,78.472,144,29,2,10,152,3077,2935,1.77e-17,93.5
k121_733417_1,DQ356503.1.1407,100.0,150,0,0,1,150,1066,1215,1.73e-73,278.0
k121_733504_1,BX294768.1.1277,98.742,159,2,0,1,159,586,744,3.9899999999999993e-75,283.0
k121_735189_1,KY652173.50260.51613,94.72399999999999,417,22,0,3,419,417,1,0.0,649.0
k121_739416_1,AGZL01000037.1454.2938,96.471,85,3,0,1,85,182,98,1.36e-32,141.0
k121_740589_1,AWOL010081544.21827.23447,90.741,108,10,0,16,123,360,467,1.5199999999999999e-33,145.0
k121_740683_1,FPLS01021527.5.1367,97.5,40,1,0,249,288,1307,1346,2.41e-10,69.4
k121_744078_1,CAQA01000070.1409.4877,78.226,372,70,10,20,384,2554,2187,5.6999999999999996e-58,228.0
k121_744202_1,FJ612327.1.1432,100.0,72,0,0,1,72,267,196,1.5e-30,134.0
k121_744595_1,AB666454.1.1503,95.27,148,5,2,124,270,1494,1348,7.429999999999998e-60,233.0
k121_745242_1,FJ876273.1.2633,86.986,146,17,2,29,173,2630,2486,7.079999999999999e-39,163.0
k121_745812_1,KY764927.1.3979,83.152,184,19,8,4,176,3979,3797,1.47e-37,159.0
k121_746010_1,LMFZ01000004.34974.36461,98.22200000000001,225,4,0,1,225,818,1042,2.629999999999999e-108,394.0
k121_747705_1,LKUO01004104.18909.20649,90.22200000000001,225,22,0,1,225,306,82,4.939999999999999e-78,294.0
k121_750707_1,AGZL01000037.1454.2938,98.529,68,1,0,14,81,204,137,1.3899999999999998e-26,121.0
k121_750809_1,U17356.1.1750,98.611,144,2,0,1,144,555,698,7.709999999999998e-67,255.0
k121_759754_1,FPLS01032295.125.1620,96.46,113,4,0,1,113,293,405,8.91e-46,187.0
k121_760617_1,DQ009130.1.2186,97.436,78,2,0,1,78,1795,1872,4.06e-30,134.0
k121_761808_1,EF020157.1.1362,97.70100000000001,87,2,0,2,88,841,927,2.06e-35,150.0
k121_761820_1,AY821927.1.1584,100.0,174,0,0,1,174,1154,1327,9.399999999999998e-87,322.0
k121_761820_2,FPLP01007624.9.1474,100.0,78,0,0,1,78,809,886,7.829999999999998e-34,145.0
k121_762252_1,EU136697.1.2002,97.5,80,2,0,1,80,1761,1840,4.89e-31,137.0
k121_770642_1,KF741550.1.1478,93.182,264,18,0,1,264,1208,1471,1.46e-106,388.0
k121_770643_1,EU676409.1.1423,98.611,72,1,0,1,72,1224,1295,6.990000000000001e-29,128.0
k121_771145_1,CFFF01000203.442.2194,85.714,301,41,2,1,300,304,5,8.059999999999998e-85,316.0
k121_778398_1,AGZL01000037.1454.2938,95.833,96,4,0,1,96,441,346,4.84e-37,156.0
k121_778399_1,AGZL01000037.1454.2938,90.0,130,11,2,1,129,436,564,3.81e-40,167.0
k121_778495_2,CFFF01000203.442.2194,87.541,305,36,2,1,304,304,1,3.149999999999999e-95,351.0
k121_779213_1,AY753625.1.2172,100.0,222,0,0,1,222,1561,1782,2.5699999999999995e-113,411.0
k121_779370_1,FJ612319.1.1470,100.0,78,0,0,1,78,1391,1468,7.829999999999998e-34,145.0
k121_781211_1,HQ219411.1.2449,88.742,151,14,3,43,191,1960,2109,4.639999999999999e-44,182.0
k121_781215_1,FJ264776.1.1446,94.444,90,5,0,1,90,1136,1225,4.6699999999999996e-32,139.0
k121_782781_1,LETC01000012.336728.338368,96.774,62,2,0,1,62,18,79,1.3300000000000001e-21,104.0
k121_794178_1,JN644756.1.2250,88.15799999999999,76,9,0,1,76,2175,2250,1.09e-17,91.6
k121_804607_1,CP029346.2695669.2697174,100.0,94,0,0,33,126,1506,1413,1.88e-42,174.0
k121_804657_1,LGJY01000007.95396.97084,83.333,132,22,0,1,132,286,155,7.33e-27,122.0
k121_805875_1,HQ190354.1.1495,93.71700000000001,191,10,2,1,190,796,607,1.3799999999999999e-75,285.0
k121_807824_1,JF429249.1.1502,100.0,72,0,0,1,72,1419,1490,1.5e-30,134.0
k121_810433_1,AM910188.1.1617,86.667,150,11,8,162,309,1617,1475,1.4899999999999998e-37,159.0
k121_810444_1,MKYQ01001368.344004.345411,94.667,75,4,0,1,75,185,259,1.61e-25,117.0
k121_812392_2,FJ382882.1.1392,100.0,96,0,0,1,96,45,140,1.03e-43,178.0
k121_813913_2,LKUO01004104.18909.20649,93.311,299,20,0,4,302,384,86,1.6799999999999994e-122,442.0
k121_814346_1,KY652173.50260.51613,94.595,222,12,0,1,222,419,198,2.6399999999999997e-93,344.0
k121_820591_1,EU474488.1.1401,100.0,105,0,0,1,105,721,825,1.1399999999999998e-48,195.0
k121_823724_1,FPLS01026232.13.1527,100.0,75,0,0,1,75,1175,1249,3.4399999999999997e-32,139.0
k121_823907_1,EU636006.1.1407,100.0,138,0,0,1,138,1250,1387,7.319999999999999e-67,255.0
k121_823954_1,JN868906.1.1541,100.0,90,0,0,1,90,659,748,2.05e-40,167.0
k121_824312_1,AUSH02000069.56020.57513,100.0,69,0,0,1,69,48,116,6.54e-29,128.0
k121_830655_1,CFFF01000203.442.2194,87.73,163,20,0,1,163,75,237,2.5999999999999997e-47,191.0
k121_832876_1,M62787.1.1476,98.795,83,0,1,5,87,82,1,3.7299999999999997e-34,147.0
k121_833013_2,FPLS01021527.5.1367,100.0,30,0,0,124,153,1308,1337,9.03e-07,56.5
k121_833020_2,FPLS01056723.9.1292,100.0,31,0,0,1,31,21,51,2.63e-07,58.4
k121_833024_1,FPLS01021527.5.1367,100.0,31,0,0,402,432,1307,1337,7.979999999999999e-07,58.4
k121_833027_1,FPLS01021527.5.1367,100.0,29,0,0,305,333,1307,1335,7.82e-06,54.7
k121_833244_1,EU196013.1.1709,100.0,78,0,0,1,78,1234,1311,7.829999999999998e-34,145.0
k121_834039_1,AGZL01000037.1454.2938,95.098,102,5,0,1,102,441,340,1.1099999999999998e-38,161.0
k121_834041_1,AGZL01000037.1454.2938,95.098,102,5,0,1,102,441,340,1.1099999999999998e-38,161.0
k121_835072_1,JX178761.1.1598,97.98,99,2,0,1,99,542,640,4.9399999999999995e-42,172.0
k121_835161_1,GDAH01000988.4385.5617,93.478,184,11,1,66,249,1152,970,1.4399999999999997e-71,272.0
k121_837370_1,LGJY01000007.95396.97084,90.73200000000001,205,19,0,4,208,205,1,5.57e-72,274.0
k121_841142_1,DQ310276.1.1780,100.0,129,0,0,1,129,1229,1357,6.779999999999999e-62,239.0
k121_843022_1,KY235939.1.1203,100.0,81,0,0,1,81,90,10,1.78e-35,150.0
k121_843708_1,FPLS01021527.5.1367,97.5,40,1,0,15,54,1346,1307,1.09e-09,69.4
k121_845960_1,FPLS01021527.5.1367,97.436,39,1,0,460,498,1308,1346,1.59e-09,67.6
k121_848605_1,CAQA01000070.1409.4877,96.92299999999999,65,2,0,1,65,1566,1630,1.15e-22,110.0
k121_848839_1,LNRQ01000003.35839263.35843192,98.319,238,4,0,5,242,3350,3113,1.7199999999999994e-115,418.0
k121_849568_1,KU559316.1.1816,100.0,78,0,0,1,78,923,1000,7.829999999999998e-34,145.0
k121_858180_1,AGZL01000037.1454.2938,98.333,60,1,0,7,66,205,146,2.86e-22,106.0
k121_866572_1,FPLO01000521.24.1438,100.0,30,0,0,277,306,30,1,1.98e-06,56.5
k121_866872_1,GDAH01000884.102.1825,84.444,180,24,4,9,187,1724,1548,3.0700000000000003e-42,174.0
k121_873454_1,FJ235932.1.2332,92.105,114,6,3,25,136,2332,2220,2.12e-37,158.0
k121_873454_2,CAQA01000070.1409.4877,74.66199999999999,296,57,16,1,291,2556,2274,3.19e-24,115.0
k121_875427_1,GDAH01000884.102.1825,83.889,180,25,4,9,187,1724,1548,1.43e-40,169.0
k121_875518_1,FPLS01056723.9.1292,100.0,32,0,0,1,32,21,52,4.06e-07,60.2
k121_878555_1,FLKF01000009.860252.861897,89.21600000000001,102,11,0,1,102,1088,987,1.13e-28,128.0
k121_879133_1,FPLS01021527.5.1367,95.34899999999999,43,1,1,355,396,1304,1346,1.24e-09,67.6
k121_879436_1,FPLM01002594.1.1397,100.0,81,0,0,1,81,613,693,1.78e-35,150.0
k121_882558_1,LKUO01004104.18909.20649,90.60799999999999,181,15,2,130,309,87,266,1.8499999999999996e-61,239.0
k121_883362_1,FPLS01026232.13.1527,99.32,147,1,0,1,147,1129,1275,3.6499999999999994e-70,267.0
k121_883745_1,CP032097.2142906.2144411,100.0,105,0,0,1,105,1504,1400,1.1399999999999998e-48,195.0
k121_892128_1,EF024723.1.1773,98.71799999999999,78,1,0,1,78,549,626,3.64e-32,139.0
k121_892869_1,DQ009458.1.2068,90.411,73,6,1,275,347,2068,1997,4.97e-18,95.3
k121_895730_1,LFBR01000002.190330.192178,86.184,152,19,2,1,151,179,329,1.0899999999999998e-38,163.0
k121_896034_1,LFJF01047566.7807.9610,93.75,112,7,0,30,141,112,1,3.0699999999999996e-40,169.0
k121_897332_1,FPLP01001197.16.1378,84.0,125,20,0,56,180,125,1,3.98e-26,121.0
k121_897338_1,FPLP01001197.16.1378,80.0,125,25,0,56,180,125,1,8.67e-18,93.5
k121_898723_1,DQ521513.1.1434,98.611,216,3,0,1,216,523,308,5.429999999999998e-105,383.0
k121_899353_1,JX298094.1.1575,97.77799999999999,135,2,1,2,135,1561,1427,1.1999999999999999e-59,231.0
k121_900218_1,CFFF01000203.442.2194,84.694,196,28,2,1,195,114,308,2.43e-48,195.0
k121_902614_1,FPLS01056723.9.1292,95.0,40,1,1,1,40,19,57,5.59e-08,62.1
k121_908509_1,EU731049.1.1238,86.20700000000001,319,42,2,1,319,437,121,3.979999999999999e-93,344.0
k121_908868_1,GU905029.1.2255,76.22,328,59,14,93,410,2252,1934,7.42e-37,158.0
k121_913046_1,GU823555.1.1393,100.0,201,0,0,1,201,541,741,1.0799999999999998e-101,372.0
k121_914840_1,CFFF01000203.442.2194,93.51899999999999,108,7,0,1,108,112,5,1.1999999999999998e-38,161.0
k121_916134_1,FJ665208.1.1476,100.0,126,0,0,1,126,355,480,3.06e-60,233.0
k121_917624_1,DQ009096.1.1976,91.48899999999999,47,4,0,53,99,1891,1937,8.63e-10,65.8
k121_918943_1,CP018154.669745.671244,100.0,116,0,0,1,116,116,1,2.46e-54,215.0
k121_920629_1,MG652616.1.2487,79.286,140,28,1,17,156,2318,2456,5.45e-19,97.1
k121_922998_1,CJRA01000034.26673.28140,87.671,73,9,0,2,74,1426,1354,2.8300000000000002e-15,86.1
k121_923111_2,FPLS01027363.1.1342,99.479,192,1,0,1,192,400,209,4.839999999999999e-95,350.0
k121_924461_1,AXCG01057693.9657.11040,77.115,520,92,20,82,585,509,1,2.7999999999999993e-72,276.0
k121_926948_1,AF479766.1.2092,92.473,93,4,3,1,93,1745,1656,2.81e-29,130.0
k121_928337_2,FPLS01021527.5.1367,97.436,39,1,0,1155,1193,1308,1346,3.84e-09,67.6
k121_932581_1,AB168053.1.1758,98.095,105,1,1,1,105,1655,1758,2.47e-45,183.0
k121_934647_1,FPLS01005875.16.1479,100.0,90,0,0,1,90,655,744,2.05e-40,167.0
k121_935061_1,ASHD01000113.147.1697,100.0,78,0,0,1,78,309,386,7.829999999999998e-34,145.0
k121_937545_1,LAMX01000036.24729.26265,100.0,102,0,0,1,102,713,814,5.109999999999999e-47,189.0
k121_940500_1,LC215079.1.1504,100.0,77,0,0,1,77,1395,1319,2.8100000000000002e-33,143.0
k121_941473_1,FJ466359.1.1360,100.0,66,0,0,1,66,603,668,2.8399999999999996e-27,122.0
k121_962397_1,CP003730.359864.361325,75.181,415,97,5,1,412,986,1397,1.4299999999999999e-46,191.0
k121_966569_1,JN562354.1.1310,100.0,87,0,0,1,87,123,209,9.09e-39,161.0
k121_966751_1,MH620351.1.3471,100.0,107,0,0,2,108,2762,2656,9.16e-50,198.0
k121_967523_1,CFFF01000203.442.2194,95.08200000000001,61,3,0,3,63,99,159,1.59e-19,97.1
k121_967525_1,CFFF01000203.442.2194,95.08200000000001,61,3,0,3,63,99,159,1.59e-19,97.1
k121_968180_1,DQ810172.1.1365,95.794,214,9,0,1,214,361,574,7.119999999999999e-94,346.0
k121_968456_1,FNSK01000001.382081.383549,100.0,65,0,0,1,65,65,1,1.5400000000000002e-26,121.0
k121_970767_1,DQ628916.1.1433,100.0,122,0,0,1,122,28,149,4.97e-58,226.0
k121_971063_1,JN107437.1.1333,93.478,92,6,0,1,92,915,824,1.68e-31,137.0
k121_971502_2,LC257541.1.2045,94.444,36,2,0,3,38,1778,1743,1.19e-06,56.5
k121_973624_1,KX348527.1.1509,95.436,241,10,1,1,240,1183,1423,6.109999999999998e-105,383.0
k121_973628_1,CP021382.2046177.2047716,99.51,204,1,0,67,270,1540,1337,1.5099999999999997e-101,372.0
k121_974226_1,CP022736.979624.981166,100.0,118,0,0,18,135,1543,1426,9.34e-56,219.0
k121_975122_1,AGZL01000037.1454.2938,95.146,103,5,0,1,103,441,339,3.2200000000000006e-39,163.0
k121_975527_1,DQ007435.1.1479,100.0,201,0,0,1,201,1141,1341,1.0799999999999998e-101,372.0
k121_976664_1,MWMB01000009.11509655.11510960,86.124,209,29,0,179,387,3,211,1.84e-57,226.0
k121_977426_1,FJ196314.1.2284,89.61,77,8,0,44,120,1793,1717,2.0600000000000003e-19,99.0
k121_983668_1,GDAH01000988.4385.5617,98.305,118,2,0,531,648,1152,1035,1.1499999999999999e-51,207.0
k121_986080_1,LKCX01000027.3781.5323,100.0,84,0,0,1,84,84,1,4.23e-37,156.0
k121_987626_1,LC028774.1.1522,100.0,102,0,0,1,102,350,249,5.109999999999999e-47,189.0
k121_987845_1,AF479766.1.2092,100.0,78,0,0,40,117,1678,1755,2.1799999999999998e-33,145.0
k121_989785_1,FPLL01002997.16.1509,100.0,198,0,0,1,198,1143,1340,4.94e-100,366.0
k121_989786_1,FPLS01023319.115.1608,100.0,198,0,0,1,198,1143,1340,4.94e-100,366.0
k121_989787_1,FJ716000.1.1471,100.0,198,0,0,1,198,1142,1339,4.94e-100,366.0
k121_991279_1,EU136695.1.1991,97.368,76,2,0,6,81,1736,1811,2.5599999999999997e-29,130.0
k121_995091_1,CFFF01000203.442.2194,85.17200000000001,290,43,0,1,290,304,15,2.8899999999999995e-79,298.0
k121_996188_1,LMER01000011.89.1621,99.225,258,2,0,4,261,1533,1276,6.479999999999998e-130,466.0
k121_997989_1,FPLS01056723.9.1292,97.5,40,1,0,62,101,51,12,6.940000000000001e-11,69.4
k121_998136_1,CFFF01000203.442.2194,98.551,69,1,0,1,69,69,1,3e-26,122.0
k121_999908_1,GQ480042.1.1581,96.97,33,1,0,265,297,94,126,2.39e-06,56.5
k121_1002448_1,CFFF01000203.442.2194,87.054,224,25,4,1,222,283,62,5.9199999999999995e-65,250.0
k121_1005178_1,CFFF01000203.442.2194,90.435,115,10,1,1,115,73,186,2.8899999999999994e-35,150.0
k121_1005794_1,KC896621.1.2196,96.552,58,2,0,90,147,1833,1776,5.07e-19,97.1
k121_1005794_1,KC896621.1.2196,100.0,46,0,0,1,46,1649,1604,1.1e-15,86.1
k121_1006493_1,LKUO01004104.18909.20649,85.085,295,34,8,4,293,384,95,2.3999999999999995e-77,292.0
k121_1006494_1,LKUO01004104.18909.20649,91.333,300,26,0,4,303,384,85,3.7899999999999993e-113,411.0
k121_1007718_1,FJ658983.1.1389,100.0,108,0,0,1,108,803,910,2.5499999999999998e-50,200.0
k121_1007787_1,DQ009096.1.1976,92.727,55,4,0,1,55,1884,1938,1.6e-14,80.5
k121_1011241_2,FPLS01021527.5.1367,95.34899999999999,43,1,1,189,230,1304,1346,6.700000000000001e-10,67.6
k121_1012549_1,FPLS01021527.5.1367,97.5,40,1,0,347,386,1307,1346,4.29e-10,69.4
k121_1012555_1,FPLS01021527.5.1367,97.436,39,1,0,292,330,1308,1346,1.29e-09,67.6
k121_1012588_1,FPLS01056723.9.1292,100.0,34,0,0,117,150,18,51,1.07e-08,63.9
k121_1014639_1,AF479766.1.2092,91.21600000000001,148,12,1,7,153,1741,1594,3.94e-50,200.0
k121_1015485_1,LGJY01000007.95396.97084,95.96,99,4,0,7,105,22,120,1.1599999999999998e-38,161.0
k121_1016203_1,KM386857.1.1981,87.838,74,9,0,20,93,1689,1762,3.58e-16,87.9
k121_1016331_1,FPLP01009050.16.1464,100.0,240,0,0,1,240,429,190,2.7699999999999993e-123,444.0
k121_1016331_2,FPLK01000718.10.1458,99.074,216,2,0,1,216,714,499,1.1699999999999998e-106,388.0
k121_1016475_1,LGJY01000007.95396.97084,87.10799999999999,287,35,2,1,286,286,1,5.19e-87,324.0
k121_1018664_1,LGJZ01000005.215956.217622,79.339,121,25,0,1,121,178,298,1.37e-15,86.1
k121_1018667_1,FJWB02013808.162346.164144,93.939,66,4,0,1,66,3,68,1.33e-20,100.0
k121_1021633_1,AGZL01000037.1454.2938,98.34700000000001,121,2,0,1,121,218,98,4.23e-54,213.0
k121_1023333_1,LAMX01000036.24729.26265,100.0,102,0,0,1,102,713,814,5.109999999999999e-47,189.0
k121_1023551_1,JF211081.1.1356,93.162,117,8,0,1,117,536,420,6.569999999999999e-42,172.0
k121_1023551_2,MEOD01000083.3542.5081,91.803,122,1,5,4,116,123,2,1.4699999999999999e-38,161.0
k121_1023704_1,FJ542989.1.1447,98.355,304,3,2,3,306,1122,1423,7.519999999999998e-150,532.0
k121_1023869_1,KT851804.1.1462,97.351,151,4,0,3,153,1289,1439,2.3099999999999997e-67,257.0
k121_1024604_1,DQ009458.1.2068,81.395,86,15,1,58,142,1964,2049,1.13e-10,69.4
k121_1028074_1,HM445498.1.1382,94.969,159,8,0,1,159,1102,1260,4.039999999999999e-65,250.0
k121_1028468_1,FPLS01021527.5.1367,100.0,34,0,0,204,237,1308,1341,8.92e-09,63.9
k121_1028471_1,FPLS01021527.5.1367,100.0,35,0,0,1,35,1341,1307,4.91e-09,65.8
k121_1028540_1,AYOE01030885.10838.12588,100.0,33,0,0,33,65,304,336,9.940000000000002e-09,62.1
k121_1028683_1,AGZL01000037.1454.2938,91.005,189,15,2,122,309,298,111,6.619999999999999e-66,254.0
k121_1035306_1,DQ009471.1.2349,98.529,68,1,0,1,68,1779,1712,1.2399999999999998e-26,121.0
k121_1035660_1,FAOM01291723.11963.13394,100.0,34,0,0,389,422,348,315,2.12e-08,63.9
k121_1039737_1,JN397923.1.1385,96.939,98,3,0,2,99,523,620,8.27e-40,165.0
k121_1042907_1,LGJY01000007.95396.97084,88.485,165,19,0,1,165,90,254,4.32e-50,200.0
k121_1044169_1,FPLS01021527.5.1367,92.85700000000001,42,3,0,373,414,1294,1335,5.91e-08,62.1
k121_1045211_1,CVKP01000051.3319.4841,93.694,111,7,0,1,111,154,44,2.6800000000000002e-40,167.0
k121_1053359_1,CP010803.4815362.4816851,99.515,206,1,0,86,291,1487,1282,1.2699999999999997e-102,375.0
k121_1054142_1,CP009429.58054.59565,98.63,73,1,0,72,144,1512,1440,4.8800000000000004e-29,130.0
k121_1057034_1,MF928799.1.1575,85.0,80,10,2,1,78,528,607,2.62e-14,80.5
k121_1086465_1,DQ112353.1.1381,100.0,72,0,0,1,72,260,189,1.5e-30,134.0
k121_1086646_1,LAMX01000036.24729.26265,100.0,111,0,0,1,111,704,814,5.6700000000000005e-52,206.0
k121_1088058_1,DQ009096.1.1976,100.0,53,0,0,1,53,1891,1943,5.480000000000001e-20,99.0
k121_1091704_1,FJ876273.1.2633,82.45,302,42,10,29,324,2630,2334,6.969999999999999e-66,254.0
k121_1091706_1,FJ876273.1.2633,86.928,153,15,4,29,178,2630,2480,6.509999999999999e-40,167.0
k121_1091894_1,KX669629.1.2796,88.679,106,10,2,1,105,2451,2555,1.17e-28,128.0
k121_1092722_1,GU067996.1.1791,97.67399999999999,43,1,0,1,43,593,635,1.34e-12,75.0
k121_1092722_2,JX131296.1.1735,97.087,103,3,0,3,105,767,869,1.49e-42,174.0
k121_1095890_1,EU407202.1.1481,95.238,168,8,0,1,168,543,376,4.2899999999999986e-70,267.0
k121_1098495_1,DQ009135.1.2271,95.0,120,6,0,15,134,2150,2269,1.5899999999999999e-46,189.0
k121_1098834_1,AXCG01057693.9657.11040,96.875,96,3,0,1,96,96,1,1.64e-38,161.0
k121_1099555_1,FPLP01002094.16.1506,96.99700000000001,333,8,2,1,333,1101,1431,1.3599999999999998e-157,558.0
k121_1101515_1,U41646.1.1831,99.005,201,2,0,1,201,1586,1786,2.3399999999999994e-98,361.0
k121_1102679_1,FJ849112.1.1451,99.454,183,1,0,1,183,1199,1381,4.609999999999999e-90,333.0
